Rk,Player,Tm,Age,POS,G,GS,Tgt,Rec,Yds,TD,1D,YBC,YBC/R,YAC,YAC/R,ADOT,BrkTkl,Rec/Br,Drop,Drop%,Int,Rat
1,Cooper Kupp*+,LAR,28,WR,17,17,191,145,1947,16,89,1101,7.6,846,5.8,8.6,10,14.5,8,4.2,5,124.8
2,Davante Adams*+,GNB,29,WR,16,16,169,123,1553,11,84,961,7.8,592,4.8,9.6,5,24.6,3,1.8,3,115.3
3,Tyreek Hill*,KAN,27,WR,17,16,159,111,1239,9,75,795,7.2,444,4,10.4,10,11.1,7,4.4,3,103.7
4,Justin Jefferson*,MIN,22,WR,17,17,167,108,1616,10,75,1134,10.5,482,4.5,12.4,5,21.6,7,4.2,2,111.3
5,Mark Andrews*+,BAL,26,TE,17,9,153,107,1361,9,75,903,8.4,458,4.3,10.3,4,26.8,3,2,9,92.5
6,Diontae Johnson*,PIT,25,WR,16,14,169,107,1161,8,59,634,5.9,527,4.9,8.5,8,13.4,5,3,3,91.9
7,Keenan Allen*,LAC,29,WR,16,16,157,106,1138,6,66,801,7.6,337,3.2,8.4,1,106,8,5.1,5,88
8,Jaylen Waddle,MIA,23,WR,16,16,140,104,1015,6,59,576,5.5,439,4.2,7.1,4,26,8,5.7,7,87.6
9,Stefon Diggs*,BUF,28,WR,17,17,164,103,1225,10,66,899,8.7,326,3.2,11.1,7,14.7,5,3,6,90.6
10,Hunter Renfrow*,LVR,26,WR,17,9,128,103,1038,9,51,586,5.7,452,4.4,6.5,2,51.5,2,1.6,1,120.6
11,Chris Godwin,TAM,25,WR,14,14,127,98,1103,5,55,517,5.3,586,6,7.3,5,19.6,5,3.9,2,109.1
12,D.J. Moore,CAR,24,WR,17,17,163,93,1157,4,60,731,7.9,426,4.6,10.6,4,23.3,10,6.1,6,72
13,Travis Kelce*,KAN,32,TE,16,16,134,92,1125,9,63,561,6.1,564,6.1,7.4,8,11.5,10,7.5,5,101.1
14,Marquise Brown,BAL,24,WR,16,16,146,91,1008,6,41,620,6.8,388,4.3,11.1,4,22.8,7,4.8,3,87.9
15,Brandin Cooks,HOU,28,WR,16,16,134,90,1037,6,45,680,7.6,357,4,10.5,5,18,5,3.7,3,95.9
16,Amon-Ra St. Brown,DET,22,WR,17,9,119,90,912,5,48,488,5.4,424,4.7,7.1,2,45,1,0.8,2,104
17,Michael Pittman Jr.,IND,24,WR,17,17,129,88,1082,6,54,734,8.3,348,4,9.8,2,44,6,4.7,3,99.7
18,Jakobi Meyers,NWE,25,WR,17,16,126,83,866,2,42,644,7.8,222,2.7,9.8,1,83,3,2.4,3,81
19,Cole Beasley,BUF,32,WR,16,8,112,82,693,1,34,388,4.7,305,3.7,5.6,0,,5,4.5,3,80.7
20,Ja'Marr Chase*,CIN,21,WR,17,17,128,81,1455,13,56,804,9.9,651,8,12.6,8,10.1,11,8.6,6,116.5
21,Darnell Mooney,CHI,24,WR,17,14,140,81,1055,4,49,674,8.3,381,4.7,11.1,5,16.2,9,6.4,8,67.4
22,CeeDee Lamb*,DAL,22,WR,16,13,120,79,1102,6,54,661,8.4,441,5.6,10.3,12,6.6,8,6.7,6,91
23,Dalton Schultz,DAL,25,TE,17,15,104,78,808,8,43,460,5.9,348,4.5,7.1,3,26,4,3.8,1,118.6
24,Christian Kirk,ARI,25,WR,17,11,103,77,982,5,44,754,9.8,228,3,11.6,1,77,6,5.8,2,112.2
25,Terry McLaurin,WAS,26,WR,17,17,130,77,1053,5,47,736,9.6,317,4.1,13.1,4,19.3,5,3.8,4,85.2
26,Deebo Samuel*+,SFO,25,WR,16,15,121,77,1405,6,51,637,8.3,768,10,8.4,13,5.9,10,8.3,4,106.2
27,Mike Williams,LAC,27,WR,16,14,129,76,1146,9,51,731,9.6,415,5.5,11.6,2,38,6,4.7,1,108.2
28,D.K. Metcalf,SEA,24,WR,17,17,129,75,967,12,48,639,8.5,328,4.4,12.7,8,9.4,4,3.1,2,106.3
29,Zach Ertz,2TM,31,,17,14,112,74,763,5,40,423,5.7,340,4.6,7.6,2,37,6,5.4,4,85.5
30,Mike Evans*,TAM,28,WR,16,16,114,74,1035,14,56,776,10.5,259,3.5,13,2,37,2,1.8,3,122.6
31,Najee Harris*,PIT,23,RB,17,17,94,74,467,3,22,-32,-0.4,499,6.7,-0.1,17,4.4,7,7.4,0,98
32,Tee Higgins,CIN,22,WR,14,14,110,74,1091,6,53,801,10.8,290,3.9,12.1,4,18.5,5,4.5,2,110.1
33,Mike Gesicki,MIA,26,TE,17,9,112,73,780,2,39,559,7.7,221,3,9.3,1,73,3,2.7,3,80.2
34,Marvin Jones,JAX,31,WR,17,16,120,73,832,4,42,700,9.6,132,1.8,11.9,0,,2,1.7,3,82.4
35,Tyler Lockett,SEA,29,WR,16,16,107,73,1175,8,41,898,12.3,277,3.8,14.6,2,36.5,0,0,3,117.9
36,George Kittle*,SFO,28,TE,14,14,94,71,910,6,42,460,6.5,450,6.3,8.3,8,8.9,2,2.1,6,100
37,Austin Ekeler,LAC,26,RB,16,16,94,70,647,8,31,19,0.3,628,9,1.8,6,11.7,7,7.4,2,112.3
38,Leonard Fournette,TAM,26,RB,14,13,84,69,454,2,30,5,0.1,449,6.5,0.8,6,11.5,6,7.1,2,87.2
39,Amari Cooper,DAL,27,WR,15,14,104,68,865,8,45,630,9.3,235,3.5,11,4,17,3,2.9,0,116.9
40,Noah Fant,DEN,24,TE,16,16,90,68,670,4,29,361,5.3,309,4.5,6.1,1,68,2,2.2,0,110.9
41,Kyle Pitts*,ATL,21,TE,17,15,110,68,1026,1,43,713,10.5,313,4.6,10.8,3,22.7,6,5.5,5,76.6
42,Tyler Boyd,CIN,27,WR,16,10,94,67,828,5,37,439,6.6,389,5.8,7.7,2,33.5,0,0,4,98.2
43,Adam Thielen,MIN,31,WR,13,13,95,67,726,10,37,487,7.3,239,3.6,9.5,1,67,1,1.1,2,119
44,Russell Gage,ATL,25,WR,14,9,94,66,770,4,37,516,7.8,254,3.8,9.3,5,13.2,5,5.3,5,86.7
45,DeVonta Smith,PHI,23,WR,17,16,104,64,916,5,43,696,10.9,220,3.4,13.9,2,32,2,1.9,1,102.1
46,A.J. Brown,TEN,24,WR,13,13,105,63,869,5,45,621,9.9,248,3.9,11.6,2,31.5,8,7.6,2,94.5
47,Laviska Shenault Jr.,JAX,23,WR,16,10,100,63,619,0,30,230,3.7,389,6.2,5.5,10,6.3,8,8,2,72
48,D'Andre Swift,DET,22,RB,13,4,78,62,452,2,18,-48,-0.8,500,8.1,0,8,7.8,6,7.7,2,88.7
49,Tyler Conklin,MIN,26,TE,17,15,87,61,593,3,26,266,4.4,327,5.4,5.3,0,,3,3.4,0,100.4
50,Tyler Higbee,LAR,28,TE,15,15,85,61,560,5,33,279,4.6,281,4.6,5.3,1,61,3,3.5,3,94.2
51,T.J. Hockenson,DET,24,TE,12,12,84,61,583,4,32,384,6.3,199,3.3,7.4,4,15.3,1,1.2,3,92.5
52,Pat Freiermuth,PIT,23,TE,16,9,79,60,497,7,34,250,4.2,247,4.1,5.3,8,7.5,2,2.5,0,121.1
53,Cole Kmet,CHI,22,TE,17,17,93,60,612,0,29,366,6.1,246,4.1,7.8,4,15,5,5.4,2,74.3
54,Chase Claypool,PIT,23,WR,15,13,105,59,860,2,35,577,9.8,283,4.8,11.4,4,14.8,5,4.8,3,77.5
55,Mecole Hardman,KAN,23,WR,17,8,83,59,693,2,33,191,3.2,502,8.5,7.4,7,8.4,2,2.4,1,99.1
56,Courtland Sutton,DEN,26,WR,17,16,98,58,776,2,35,641,11.1,135,2.3,15.4,1,58,3,3.1,3,78.4
57,Brandon Aiyuk,SFO,23,WR,17,16,84,56,826,5,37,479,8.6,347,6.2,9.8,3,18.7,4,4.8,0,118.5
58,Dallas Goedert,PHI,26,TE,15,14,76,56,830,4,42,444,7.9,386,6.9,8.5,9,6.2,5,6.6,1,121.1
59,Kendrick Bourne,NWE,26,WR,17,5,70,55,800,5,27,415,7.5,385,7,8.5,5,11,2,2.9,1,132.1
60,Rob Gronkowski,TAM,32,TE,12,12,89,55,802,6,34,452,8.2,350,6.4,10.1,9,6.1,5,5.6,0,113.6
61,Darren Waller,LVR,29,TE,11,11,93,55,665,2,31,423,7.7,242,4.4,9.8,3,18.3,5,5.4,2,79.4
62,A.J. Green,ARI,33,WR,16,9,92,54,848,3,37,667,12.4,181,3.4,12.2,5,10.8,5,5.4,2,91.2
63,Josh Jacobs,LVR,23,RB,15,14,64,54,348,0,14,-43,-0.8,391,7.2,-0.4,9,6,5,7.8,1,82.8
64,Rondale Moore,ARI,21,WR,14,7,64,54,435,1,18,-3,-0.1,438,8.1,1.4,2,27,1,1.6,2,87.2
65,Robby Anderson,CAR,28,WR,17,16,110,53,519,5,27,361,6.8,158,3,10.5,2,26.5,7,6.4,7,50.5
66,Tim Patrick,DEN,28,WR,16,16,85,53,734,5,39,532,10,202,3.8,11.7,2,26.5,3,3.5,2,99.8
67,Aaron Jones,GNB,27,RB,15,15,65,52,391,6,22,-21,-0.4,412,7.9,0.9,4,13,3,4.6,0,122.5
68,Jarvis Landry,CLE,29,WR,12,12,87,52,570,2,30,297,5.7,273,5.3,7.9,3,17.3,2,2.3,5,62.9
69,Cordarrelle Patterson,ATL,30,RB,16,13,69,52,548,5,26,163,3.1,385,7.4,2.9,7,7.4,1,1.4,1,116.1
70,Jamison Crowder,NYJ,28,WR,12,4,71,51,447,2,24,271,5.3,176,3.5,6.2,0,,2,2.8,2,85.8
71,Hunter Henry,NWE,27,TE,17,10,75,50,603,9,34,459,9.2,144,2.9,9.7,1,50,0,0,2,119.6
72,Van Jefferson,LAR,25,WR,17,17,89,50,802,6,32,586,11.7,216,4.3,13.5,2,25,6,6.7,1,104.2
73,K.J. Osborn,MIN,24,WR,17,9,82,50,655,7,26,476,9.5,179,3.6,10.5,1,50,2,2.4,3,99.4
74,Myles Gaskin,MIA,24,RB,17,10,63,49,234,4,13,-16,-0.3,250,5.1,0.5,6,8.2,3,4.8,0,103.3
75,Dawson Knox,BUF,25,TE,15,14,71,49,587,9,31,310,6.3,277,5.7,7.4,3,16.3,4,5.6,1,127.8
76,C.J. Uzomah,CIN,28,TE,16,16,63,49,493,5,24,193,3.9,300,6.1,4.3,5,9.8,4,6.3,1,119.1
77,Jared Cook,LAC,34,TE,16,10,83,48,564,4,31,326,6.8,238,5,8.3,0,,6,7.2,4,74.6
78,Gerald Everett,SEA,27,TE,15,12,63,48,478,4,26,229,4.8,249,5.2,5.3,9,5.3,3,4.8,1,111.7
79,Kalif Raymond,DET,27,WR,16,14,71,48,576,4,28,314,6.5,262,5.5,10.2,3,16,3,4.2,1,105.1
80,Ezekiel Elliott,DAL,26,RB,17,17,65,47,287,2,17,9,0.2,278,5.9,0.5,3,15.7,3,4.6,1,84.6
81,Zay Jones,LVR,26,WR,17,9,70,47,546,1,29,376,8,170,3.6,14,3,15.7,2,2.9,5,65.5
82,Alvin Kamara*,NOR,26,RB,13,10,67,47,439,5,20,7,0.1,432,9.2,1.2,3,15.7,9,13.4,0,112.7
83,Darrel Williams,KAN,26,RB,17,7,57,47,452,2,19,17,0.4,435,9.3,1.4,4,11.8,1,1.8,0,111.4
84,Rashod Bateman,BAL,22,WR,12,4,68,46,515,1,29,344,7.5,171,3.7,8.8,0,,2,2.9,3,76.5
85,Braxton Berrios+,NYJ,26,WR,16,1,65,46,431,2,21,189,4.1,242,5.3,5.1,1,46,0,0,1,92.5
86,Marquez Callaway,NOR,23,WR,17,11,84,46,698,6,32,554,12,144,3.1,12.6,4,11.5,4,4.8,1,101.2
87,Evan Engram,NYG,27,TE,15,12,73,46,408,3,21,225,4.9,183,4,5,0,,6,8.2,2,80.2
88,Cedrick Wilson Jr.,DAL,26,WR,16,4,61,45,602,6,27,348,7.7,254,5.6,9.5,0,,3,4.9,1,130.6
89,Robert Woods,LAR,29,WR,9,9,69,45,556,4,34,358,8,198,4.4,8.2,0,,3,4.3,1,103.3
90,Odell Beckham Jr.,2TM,29,,14,13,82,44,537,5,27,386,8.8,151,3.4,13.3,1,44,2,2.4,3,79.2
91,Mike Davis,ATL,28,RB,17,8,58,44,259,1,12,-47,-1.1,306,7,-0.9,10,4.4,2,3.4,0,89.7
92,Chase Edmonds,ARI,25,RB,12,11,53,43,311,0,11,-13,-0.3,324,7.5,0.6,2,21.5,3,5.7,0,91.1
93,J.D. McKissic,WAS,28,RB,11,3,53,43,397,2,15,17,0.4,380,8.8,0.5,0,,0,0,1,102.6
94,Elijah Moore,NYJ,21,WR,11,6,77,43,538,5,24,331,7.7,207,4.8,11.7,2,21.5,1,1.3,4,77.7
95,Quez Watkins,PHI,23,WR,17,12,62,43,647,1,25,394,9.2,253,5.9,12,5,8.6,1,1.6,3,88.6
96,Javonte Williams,DEN,21,RB,17,1,53,43,316,3,12,-27,-0.6,343,8,-0.2,2,21.5,3,5.7,0,110.4
97,Antonio Brown,TAM,33,,7,3,62,42,545,4,29,355,8.5,190,4.5,11.8,2,21,2,3.2,1,109.9
98,Antonio Gibson,WAS,23,RB,16,14,52,42,294,3,12,-39,-0.9,333,7.9,-0.2,4,10.5,6,11.5,0,109.5
99,DeAndre Hopkins,ARI,29,WR,10,10,64,42,572,8,32,432,10.3,140,3.3,12.3,0,,1,1.6,0,133.6
100,Joe Mixon*,CIN,25,RB,16,16,48,42,314,3,11,-4,-0.1,318,7.6,-0.2,3,14,2,4.2,0,114.8
101,David Montgomery,CHI,24,RB,13,13,51,42,301,0,18,28,0.7,273,6.5,0.9,3,14,2,3.9,1,83.1
102,Byron Pringle,KAN,28,WR,17,5,60,42,568,5,32,381,9.1,187,4.5,10.7,4,10.5,4,6.7,0,127.6
103,Emmanuel Sanders,BUF,34,WR,14,13,72,42,626,4,31,541,12.9,85,2,15,0,,3,4.2,1,99.7
104,Saquon Barkley,NYG,24,RB,13,13,57,41,263,2,13,-35,-0.9,298,7.3,0.5,4,10.3,6,10.5,0,92.9
105,Brandon Bolden,NWE,31,RB,17,1,49,41,405,2,21,-11,-0.3,416,10.1,0.3,10,4.1,2,4.1,1,106.2
106,Adam Humphries,WAS,28,WR,17,11,62,41,383,0,23,233,5.7,150,3.7,6.7,2,20.5,3,4.8,2,69.5
107,Devontae Booker,NYG,29,RB,16,4,45,40,268,1,11,-21,-0.5,289,7.2,-0.1,0,,2,4.4,0,98.9
108,Nyheim Hines,IND,25,RB,17,4,57,40,310,1,15,34,0.9,276,6.9,2,2,20,2,3.5,0,89.1
109,Allen Lazard,GNB,26,WR,15,13,60,40,513,8,28,345,8.6,168,4.2,10.9,1,40,1,1.7,0,132.8
110,DeVante Parker,MIA,28,WR,10,8,73,40,515,2,29,411,10.3,104,2.6,11.5,2,20,4,5.5,0,86.3
111,Devin Singletary,BUF,24,RB,17,16,50,40,228,1,11,-13,-0.3,241,6,0.2,4,10,5,10,1,84
112,Jonathan Taylor*+,IND,22,RB,17,17,51,40,360,2,12,-46,-1.2,406,10.2,-0.9,2,20,5,9.8,0,109.2
113,Ray-Ray McCloud,PIT,25,WR,16,5,66,39,277,0,18,167,4.3,110,2.8,6.4,2,19.5,6,9.1,2,56.2
114,Tony Pollard,DAL,24,,15,0,46,39,337,0,15,-4,-0.1,341,8.7,0.2,4,9.8,3,6.5,0,97.2
115,Kadarius Toney,NYG,22,WR,10,4,57,39,420,0,21,192,4.9,228,5.8,5.9,2,19.5,2,3.5,1,82.5
116,Ameer Abdullah,2TM,28,,17,1,53,38,289,1,13,-5,-0.1,294,7.7,0.8,5,7.6,2,3.8,1,83
117,Austin Hooper,CLE,27,TE,16,16,61,38,345,3,18,160,4.2,185,4.9,5.4,1,38,6,9.8,1,87.1
118,Jerry Jeudy,DEN,22,WR,10,5,56,38,467,0,22,280,7.4,187,4.9,10.5,0,,1,1.8,1,85.9
119,Zach Pascal,IND,27,WR,16,13,69,38,384,3,16,263,6.9,121,3.2,8.8,1,38,4,5.8,1,79.6
120,Allen Robinson,CHI,28,WR,12,11,66,38,410,1,22,309,8.1,101,2.7,11,1,38,2,3,4,55.7
121,Nick Westbrook-Ikhine,TEN,24,WR,16,7,57,38,476,4,23,332,8.7,144,3.8,10.5,1,38,2,3.5,0,115.8
122,Nelson Agholor,NWE,28,WR,15,13,64,37,473,3,23,355,9.6,118,3.2,14.2,2,18.5,1,1.6,3,77.1
123,James Conner*,ARI,26,RB,15,6,39,37,375,3,18,2,0.1,373,10.1,0.3,6,6.2,0,0,0,132.4
124,Kenny Golladay,NYG,28,WR,14,14,76,37,521,0,27,402,10.9,119,3.2,13.7,3,12.3,1,1.3,3,54.8
125,Christian McCaffrey,CAR,25,RB,7,7,41,37,343,1,21,85,2.3,258,7,2.2,6,6.2,0,0,0,109.7
126,Michael Carter,NYJ,22,RB,14,11,55,36,325,0,16,-16,-0.4,341,9.5,0.6,7,5.1,4,7.3,1,73.7
127,Deonte Harris,NOR,24,WR,13,1,59,36,570,3,23,329,9.1,241,6.7,10,4,9,3,5.1,6,70.6
128,Tyler Johnson,TAM,23,WR,17,3,55,36,360,0,14,223,6.2,137,3.8,7.9,2,18,4,7.3,0,83.9
129,David Njoku,CLE,25,TE,16,11,53,36,475,4,17,228,6.3,247,6.9,8.2,2,18,2,3.8,1,113.3
130,Sterling Shepard,NYG,28,WR,7,6,53,36,366,1,19,255,7.1,111,3.1,7.6,1,36,4,7.5,4,62.3
131,Dan Arnold,2TM,26,,11,4,52,35,408,0,20,220,6.3,188,5.4,6.5,2,17.5,2,3.8,0,90.9
132,Gabriel Davis,BUF,22,WR,16,4,63,35,549,6,29,409,11.7,140,4,13.3,1,35,5,7.9,2,103.2
133,Michael Gallup,DAL,25,WR,9,8,62,35,445,2,23,322,9.2,123,3.5,11.5,1,35,3,4.8,0,89.8
134,Dalvin Cook*,MIN,26,RB,13,13,49,34,224,0,9,-54,-1.6,278,8.2,-1.6,3,11.3,6,12.2,0,79
135,Corey Davis,NYJ,26,WR,9,9,59,34,492,4,23,368,10.8,124,3.6,13.1,2,17,5,8.5,5,72.1
136,AJ Dillon,GNB,23,RB,17,2,37,34,313,2,15,3,0.1,310,9.1,0.4,5,6.8,0,0,0,119.9
137,Bryan Edwards,LVR,23,WR,16,12,59,34,571,3,26,381,11.2,190,5.6,14,6,5.7,1,1.7,0,107.4
138,Anthony Firkser,TEN,26,TE,15,1,43,34,291,2,15,180,5.3,111,3.3,5.8,0,,3,7,2,91
139,Devonta Freeman,BAL,29,RB,16,8,42,34,190,1,9,12,0.4,178,5.2,1,4,8.5,1,2.4,0,93.5
140,Ty Johnson,NYJ,24,RB,16,3,55,34,372,2,20,38,1.1,334,9.8,2.4,3,11.3,7,12.7,1,86.3
141,Donovan Peoples-Jones,CLE,22,WR,14,9,58,34,597,3,26,451,13.3,146,4.3,15.4,4,8.5,3,5.2,3,89.5
142,Durham Smythe,MIA,26,TE,17,12,41,34,357,0,15,197,5.8,160,4.7,6.4,0,,1,2.4,1,92.8
143,Nico Collins,HOU,22,WR,14,8,60,33,446,1,22,313,9.5,133,4,10.6,0,,1,1.7,1,77.5
144,Devin Duvernay*+,BAL,24,WR,16,7,47,33,272,2,14,131,4,141,4.3,6,1,33,0,0,0,98.9
145,Kenneth Gainwell,PHI,22,RB,16,1,50,33,253,1,14,27,0.8,226,6.8,1.9,1,33,5,10,0,84.8
146,Albert Okwuegbunam,DEN,23,TE,14,6,40,33,330,2,15,85,2.6,245,7.4,5.7,3,11,2,5,0,117.7
147,Josh Palmer,LAC,23,WR,17,5,49,33,353,4,18,259,7.8,94,2.8,10.1,1,33,1,2,2,98.4
148,Jalen Reagor,PHI,22,WR,17,13,57,33,299,2,13,148,4.5,151,4.6,9.6,1,33,4,7,2,69.3
149,Laquon Treadwell,JAX,26,WR,12,7,51,33,434,1,22,308,9.3,126,3.8,11.9,3,11,3,5.9,1,89.8
150,David Johnson,HOU,30,RB,13,4,42,32,225,1,11,34,1.1,191,6,2.3,1,32,1,2.4,1,85.9
151,Alexander Mattison,MIN,23,RB,16,4,39,32,228,1,10,-10,-0.3,238,7.4,0.1,8,4,1,2.6,0,99.6
152,Tre'Quan Smith,NOR,25,WR,11,6,50,32,377,3,18,264,8.3,113,3.5,9.6,2,16,2,4,1,98.5
153,Jalen Guyton,LAC,24,WR,16,2,48,31,448,3,21,299,9.6,149,4.8,10.5,2,15.5,4,8.3,0,115.6
154,Julio Jones,TEN,32,WR,10,10,48,31,434,1,19,322,10.4,112,3.6,12.1,4,7.8,1,2.1,2,83.2
155,Calvin Ridley,ATL,27,WR,5,5,52,31,281,2,16,190,6.1,91,2.9,10,1,31,3,5.8,1,79.1
156,James Robinson,JAX,23,RB,14,13,46,31,222,0,9,-8,-0.3,230,7.4,0.9,2,15.5,4,8.7,0,78.4
157,Geoff Swaim,TEN,28,TE,16,16,40,31,210,3,12,71,2.3,139,4.5,3.7,0,,1,2.5,0,113.5
158,Olamide Zaccheaus,ATL,24,WR,17,8,53,31,406,3,22,312,10.1,94,3,9,0,,2,3.8,2,85.9
159,Cameron Brate,TAM,30,TE,17,3,57,30,245,4,15,164,5.5,81,2.7,7.6,0,,3,5.3,0,87.2
160,Kenyan Drake,LVR,27,RB,12,2,40,30,291,1,12,32,1.1,259,8.6,1.8,5,6,0,0,0,103.2
161,Kyle Juszczyk*,SFO,30,FB,17,16,38,30,296,1,16,145,4.8,151,5,7.2,3,10,0,0,0,107.9
162,Foster Moreau,LVR,24,TE,17,11,44,30,373,3,16,184,6.1,189,6.3,7.4,2,15,4,9.1,2,98
163,Chester Rogers,TEN,27,WR,16,2,43,30,301,1,12,198,6.6,103,3.4,7.5,0,,2,4.7,1,87.5
164,Ricky Seals-Jones,WAS,26,TE,13,6,49,30,271,2,14,114,3.8,157,5.2,5.4,2,15,4,8.2,0,89.8
165,Jack Doyle,IND,31,TE,17,14,43,29,302,3,18,177,6.1,125,4.3,6.8,0,,4,9.3,2,91.4
166,Darrell Henderson,LAR,24,RB,12,10,40,29,176,3,8,-4,-0.1,180,6.2,0.9,2,14.5,3,7.5,0,105.8
167,Josh Reynolds,2TM,26,,12,5,49,29,396,2,21,277,9.6,119,4.1,13.6,2,14.5,1,2,1,90.2
168,Randall Cobb,GNB,31,WR,12,3,39,28,375,5,21,237,8.5,138,4.9,7.9,1,28,2,5.1,0,141.6
169,Keelan Cole,NYJ,28,WR,15,11,51,28,449,1,20,364,13,85,3,13.5,0,,1,2,4,58.4
170,Melvin Gordon,DEN,28,RB,16,16,38,28,213,2,9,27,1,186,6.6,0.3,4,7,3,7.9,0,104.4
171,Jeremy McNichols,TEN,26,,14,0,38,28,240,1,11,-8,-0.3,248,8.9,0.1,0,,2,5.3,0,98.6
172,Jonnu Smith,NWE,26,TE,16,11,45,28,294,1,15,62,2.2,232,8.3,5.5,2,14,4,8.9,2,70
173,Ryan Griffin,NYJ,31,TE,14,12,42,27,261,2,14,112,4.1,149,5.5,5.3,0,,3,7.1,2,77.6
174,Mark Ingram,2TM,32,,14,10,35,27,162,0,9,-2,-0.1,164,6.1,0,2,13.5,0,0,0,85.7
175,Samaje Perine,CIN,26,,16,0,31,27,196,1,9,-2,-0.1,198,7.3,0.2,2,13.5,1,3.2,0,103.8
176,Adam Trautman,NOR,24,TE,13,10,43,27,263,2,13,152,5.6,111,4.1,5.7,0,,4,9.3,1,85.7
177,Sammy Watkins,BAL,28,WR,13,9,49,27,394,1,17,300,11.1,94,3.5,13.1,0,,6,12.2,1,79.8
178,Damiere Byrd,CHI,28,WR,17,4,38,26,329,1,18,213,8.2,116,4.5,8.6,1,26,2,5.3,2,82
179,Hayden Hurst,ATL,28,TE,13,5,31,26,221,3,11,132,5.1,89,3.4,6.6,2,13,0,0,1,115.2
180,Kyle Rudolph,NYG,32,TE,16,13,39,26,257,1,12,120,4.6,137,5.3,5.9,1,26,0,0,0,93.6
181,Miles Sanders,PHI,24,RB,12,12,34,26,158,0,6,-69,-2.7,227,8.7,-0.5,6,4.3,1,2.9,0,85.2
182,Darius Slayton,NYG,24,WR,13,5,58,26,339,2,14,274,10.5,65,2.5,13.3,1,26,6,10.3,3,53.7
183,Marquez Valdes-Scantling,GNB,27,WR,11,7,55,26,430,3,18,284,10.9,146,5.6,17.9,0,,0,0,1,84.7
184,Jamaal Williams,DET,26,RB,13,11,28,26,157,0,6,1,0,156,6,0.4,1,26,1,3.6,0,90
185,Rex Burkhead,HOU,31,RB,16,5,32,25,186,0,9,45,1.8,141,5.6,1.6,1,25,0,0,0,90.9
186,Josiah Deguara,GNB,24,TE,16,2,33,25,245,2,9,41,1.6,204,8.2,3.5,1,25,2,6.1,1,103.7
187,Chuba Hubbard,CAR,22,RB,17,10,37,25,174,1,8,14,0.6,160,6.4,0.4,3,8.3,7,18.9,1,75.7
188,Demarcus Robinson,KAN,27,WR,17,10,41,25,264,3,13,202,8.1,62,2.5,10.4,0,,1,2.4,0,104.1
189,Tajae Sharpe,ATL,27,WR,15,7,37,25,230,0,14,161,6.4,69,2.8,9.4,0,,1,2.7,0,84.3
190,Freddie Swain,SEA,23,WR,17,8,40,25,343,4,12,137,5.5,206,8.2,8.1,0,,2,5,0,123.2
191,Albert Wilson,MIA,29,WR,14,5,39,25,213,0,10,70,2.8,143,5.7,5.4,4,6.3,4,10.3,1,67.6
192,Jamal Agnew,JAX,26,WR,10,2,39,24,229,1,14,108,4.5,121,5,7.4,0,,1,2.6,0,86.4
193,Jordan Akins,HOU,29,TE,13,3,33,24,214,0,11,133,5.5,81,3.4,6.3,1,24,3,9.1,1,77.1
194,Mo Alie-Cox,IND,28,TE,17,7,45,24,316,4,14,166,6.9,150,6.3,9.9,2,12,2,4.4,1,96.2
195,Danny Amendola,HOU,36,,8,0,38,24,248,3,10,143,6,105,4.4,8.4,0,,1,2.6,2,86.3
196,Tavon Austin,JAX,31,WR,13,3,37,24,213,1,11,154,6.4,59,2.5,8.9,1,24,2,5.4,3,55.3
197,DeAndre Carter,WAS,28,WR,17,6,44,24,296,3,17,218,9.1,78,3.3,11,0,,2,4.5,2,79.4
198,Rashard Higgins,CLE,27,WR,15,4,47,24,275,1,16,228,9.5,47,2,11.5,0,,3,6.4,1,67.2
199,Jauan Jennings,SFO,24,WR,16,1,38,24,282,5,15,179,7.5,103,4.3,9.1,2,12,5,13.2,1,114.3
200,James O'Shaughnessy,JAX,29,TE,7,6,34,24,244,0,10,130,5.4,114,4.8,6.6,2,12,3,8.8,0,90.8
201,Henry Ruggs III,LVR,22,,7,7,36,24,469,2,16,360,15,109,4.5,16.9,3,8,2,5.6,0,128.2
202,James Washington,PIT,25,WR,15,2,44,24,285,2,9,206,8.6,79,3.3,11.7,0,,2,4.5,1,80.2
203,Giovani Bernard,TAM,30,,12,0,29,23,123,3,8,-11,-0.5,134,5.8,1,1,23,1,3.4,0,118.8
204,Pharaoh Brown,HOU,27,TE,15,12,34,23,171,0,6,65,2.8,106,4.6,4.3,2,11.5,1,2.9,1,67.2
205,Jamycal Hasty,SFO,25,,11,0,29,23,157,0,7,29,1.3,128,5.6,2.4,2,11.5,1,3.4,0,89.2
206,T.Y. Hilton,IND,32,WR,10,9,37,23,331,3,15,260,11.3,71,3.1,12.2,0,,1,2.7,0,118.2
207,Marcedes Lewis,GNB,37,TE,17,17,28,23,214,0,10,70,3,144,6.3,3.7,5,4.6,0,0,0,98.5
208,Zack Moss,BUF,24,,13,0,32,23,197,1,12,-3,-0.1,200,8.7,0.8,2,11.5,3,9.4,1,85
209,Chris Conley,HOU,29,WR,16,10,37,22,323,2,15,197,9,126,5.7,9.1,3,7.3,2,5.4,1,94.8
210,Kareem Hunt,CLE,26,RB,8,1,27,22,174,0,10,2,0.1,172,7.8,0.1,0,,1,3.7,0,93.5
211,Justin Jackson,LAC,25,RB,14,2,25,22,178,0,8,13,0.6,165,7.5,0.8,1,22,2,8,0,96.3
212,Harrison Bryant,CLE,23,TE,16,3,28,21,233,3,14,154,7.3,79,3.8,9.3,0,,1,3.6,2,105.2
213,DeeJay Dallas,SEA,23,,17,0,23,21,133,0,4,23,1.1,110,5.2,1.7,1,21,1,4.3,0,90.8
214,Will Dissly,SEA,25,TE,15,14,26,21,231,1,11,88,4.2,143,6.8,4.3,2,10.5,3,11.5,0,116.5
215,Sony Michel,LAR,26,RB,17,7,33,21,128,1,6,-5,-0.2,133,6.3,-0.4,3,7,3,9.1,1,68.7
216,Chris Moore,HOU,28,WR,12,1,22,21,227,2,6,77,3.7,150,7.1,4.1,1,21,0,0,0,140
217,John Bates,WAS,24,TE,17,8,25,20,249,1,11,110,5.5,139,7,6,2,10,0,0,1,104.8
218,Nick Chubb*,CLE,26,RB,14,14,25,20,174,1,9,2,0.1,172,8.6,1,4,5,0,0,0,109
219,Marquise Goodwin,CHI,31,WR,14,2,40,20,313,1,12,230,11.5,83,4.2,11.9,0,,2,5,1,74.3
220,DeSean Jackson,2TM,35,,16,4,34,20,454,2,12,279,14,175,8.8,19,0,,1,2.9,2,98.3
221,Brevin Jordan,HOU,21,TE,9,2,28,20,178,3,10,79,4,99,5,5.7,1,20,1,3.6,0,123.8
222,Isaiah McKenzie,BUF,26,WR,15,2,26,20,178,1,13,97,4.9,81,4.1,6,1,20,3,11.5,0,107.5
223,Donald Parham,LAC,24,TE,14,9,27,20,190,3,13,55,2.8,135,6.8,4.6,2,10,2,7.4,0,130.2
224,Tommy Tremble,CAR,21,TE,16,11,35,20,180,1,10,110,5.5,70,3.5,8.2,0,,2,5.7,0,80.7
225,Clyde Edwards-Helaire,KAN,22,RB,10,10,23,19,129,2,8,-40,-2.1,169,8.9,-2.3,0,,1,4.3,1,100.9
226,Zach Gentry,PIT,25,TE,17,12,25,19,167,0,11,40,2.1,127,6.7,3,1,19,0,0,0,93.2
227,Dontrell Hilliard,TEN,26,RB,8,5,26,19,87,0,7,-21,-1.1,108,5.7,-0.9,0,,3,11.5,1,60.9
228,D'Ernest Johnson,CLE,25,RB,17,2,25,19,137,0,7,-1,-0.1,138,7.3,0.2,4,4.8,3,12,0,88.2
229,Elijah Mitchell,SFO,23,RB,11,10,20,19,137,1,6,-14,-0.7,151,7.9,-0.6,1,19,1,5,0,111.9
230,Antoine Wesley,ARI,24,WR,15,4,32,19,208,3,9,147,7.7,61,3.2,10.5,0,,1,3.1,1,96.9
231,Demetric Felton,CLE,23,RB,16,2,21,18,181,2,10,-20,-1.1,201,11.2,0.4,2,9,1,4.8,0,134.3
232,Damien Harris,NWE,24,RB,15,15,21,18,132,0,4,-2,-0.1,134,7.4,-0.3,1,18,0,0,0,92.9
233,Derrick Henry,TEN,27,RB,8,8,20,18,154,0,7,-6,-0.3,160,8.9,-0.2,1,18,0,0,0,98.7
234,Ian Thomas,CAR,25,TE,17,13,30,18,188,0,6,96,5.3,92,5.1,6.2,1,18,4,13.3,3,38.6
235,Logan Thomas,WAS,30,TE,6,6,25,18,196,3,10,114,6.3,82,4.6,9.4,1,18,0,0,1,117.7
236,Robert Tonyan,GNB,27,TE,8,5,29,18,204,2,10,94,5.2,110,6.1,8.8,0,,0,0,0,106.1
237,Brandon Zylstra,CAR,28,WR,13,3,25,18,250,1,10,132,7.3,118,6.6,10.5,1,18,0,0,0,117.1
238,C.J. Ham,MIN,28,FB,17,8,18,17,125,0,6,64,3.8,61,3.6,3.7,1,17,0,0,0,95.6
239,Terrace Marshall Jr.,CAR,21,WR,13,3,30,17,138,0,7,77,4.5,61,3.6,7.1,1,17,0,0,2,40.7
240,Stephen Anderson,LAC,28,TE,17,4,19,16,165,1,9,36,2.3,129,8.1,3.5,0,,0,0,1,98.5
241,Noah Brown,DAL,25,WR,13,1,25,16,184,0,6,116,7.3,68,4.3,9.1,1,16,1,4,0,86.1
242,Travis Homer,SEA,23,,14,0,20,16,161,0,8,33,2.1,128,8,2.4,3,5.3,1,5,1,79.4
243,Tyler Kroft,NYJ,29,TE,9,6,25,16,173,1,9,99,6.2,74,4.6,5.8,1,16,4,16,0,97.6
244,Ty Montgomery,NOR,28,WR,14,3,26,16,95,0,5,8,0.5,87,5.4,1.8,0,,2,7.7,0,68.6
245,James Proche,BAL,25,,14,0,20,16,202,0,10,147,9.2,55,3.4,9.6,0,,0,0,1,87.9
246,Damien Williams,CHI,29,RB,12,2,23,16,103,1,3,-6,-0.4,109,6.8,1.8,3,5.3,0,0,0,93.2
247,Maxx Williams,ARI,27,TE,5,5,17,16,193,1,9,68,4.3,125,7.8,5.3,1,16,0,0,0,133.6
248,Quintez Cephus,DET,23,WR,5,3,22,15,204,2,9,109,7.3,95,6.3,11.4,2,7.5,0,0,0,127.8
249,Chris Evans,CIN,24,RB,14,1,17,15,151,2,6,38,2.5,113,7.5,2.9,3,5,0,0,0,142.9
250,Kendall Hinton,DEN,24,WR,16,1,23,15,175,1,10,118,7.9,57,3.8,8,1,15,1,4.3,1,84.5
251,Mohamed Sanu,SFO,32,,8,0,24,15,177,0,12,133,8.9,44,2.9,9.5,0,,1,4.2,0,84.9
252,Cam Sims,WAS,25,WR,14,3,23,15,211,2,11,169,11.3,42,2.8,11.7,1,15,1,4.3,1,105.5
253,JuJu Smith-Schuster,PIT,25,WR,5,5,28,15,129,0,6,61,4.1,68,4.5,6.5,3,5,0,0,1,51
254,Jimmy Graham,CHI,35,TE,15,6,23,14,167,3,10,112,8,55,3.9,8,0,,1,4.3,0,122.6
255,Khalil Herbert,CHI,23,RB,17,2,16,14,96,0,6,-5,-0.4,101,7.2,-0.3,1,14,1,6.3,0,91.7
256,Mack Hollins,MIA,28,WR,17,3,28,14,223,4,11,186,13.3,37,2.6,15.3,0,,1,3.6,1,101.6
257,O.J. Howard,TAM,27,TE,17,9,21,14,135,1,10,52,3.7,83,5.9,6.5,1,14,0,0,0,100.3
258,MyCole Pruitt,TEN,29,TE,16,9,18,14,145,3,10,86,6.1,59,4.2,6.6,0,,0,0,1,116.7
259,Rhamondre Stevenson,NWE,23,RB,12,2,18,14,123,0,3,-22,-1.6,145,10.4,-0.3,5,2.8,1,5.6,0,95.1
260,Ashton Dulin,IND,24,WR,17,1,22,13,173,2,9,123,9.5,50,3.8,13.8,0,,2,9.1,0,114.4
261,KhaDarel Hodge,DET,26,WR,16,1,27,13,157,0,7,120,9.2,37,2.8,11.3,0,,2,7.4,2,35.6
262,Lil'Jordan Humphrey,NOR,23,WR,10,4,18,13,249,2,9,148,11.4,101,7.8,10.7,1,13,0,0,1,128.2
263,Juwan Johnson,NOR,25,TE,14,2,22,13,159,4,12,117,9,42,3.2,10.9,0,,1,4.5,1,102.1
264,Jerick McKinnon,KAN,29,,13,0,20,13,107,1,6,-18,-1.4,125,9.6,-0.5,2,6.5,1,5,0,95.2
265,Dare Ogunbowale,JAX,27,RB,17,2,21,13,114,1,3,14,1.1,100,7.7,1.5,0,,3,14.3,0,92.2
266,Boston Scott,PHI,26,RB,16,4,16,13,83,0,3,-13,-1,96,7.4,-0.6,0,,0,0,1,62.2
267,Salvon Ahmed,MIA,23,,12,0,19,12,117,0,4,4,0.3,113,9.4,2.7,1,12,4,21.1,0,80.4
268,Dyami Brown,WAS,22,WR,15,6,25,12,165,0,6,131,10.9,34,2.8,15.2,1,12,1,4,0,69.6
269,Eric Ebron,PIT,28,TE,8,3,18,12,84,1,6,63,5.3,21,1.8,6.4,0,,1,5.6,0,95.6
270,Isaiah Ford,MIA,25,WR,13,2,17,12,161,2,7,101,8.4,60,5,8.1,1,12,0,0,0,139.6
271,N'Keal Harry,NWE,24,WR,12,4,22,12,184,0,7,159,13.3,25,2.1,14.9,0,,1,4.5,1,63.4
272,Carlos Hyde,JAX,31,RB,12,2,21,12,65,0,1,-10,-0.8,75,6.3,1.5,0,,1,4.8,0,62.6
273,Jalen Richard,LVR,28,,10,0,14,12,72,0,4,5,0.4,67,5.6,0.5,1,12,0,0,1,58.3
274,Adam Shaheen,MIA,27,TE,12,7,16,12,110,0,5,69,5.8,41,3.4,5.8,1,12,2,12.5,0,93.2
275,Malik Turner,DAL,25,,14,0,16,12,149,3,8,75,6.3,74,6.2,9.3,2,6,1,6.3,1,116.9
276,James White,NWE,29,,3,0,14,12,94,0,5,24,2,70,5.8,3.6,1,12,1,7.1,0,94.6
277,Brock Wright,DET,23,TE,10,5,17,12,117,2,6,53,4.4,64,5.3,4.1,0,,1,5.9,1,104.3
278,Tevin Coleman,NYJ,28,RB,11,5,16,11,49,0,2,-34,-3.1,83,7.5,-1.1,0,,2,12.5,0,72.1
279,Kylen Granson,IND,23,,17,0,15,11,106,0,4,30,2.7,76,6.9,3.9,0,,0,0,0,92.6
280,Jakeem Grant*,2TM,29,,15,0,17,11,132,2,7,29,2.6,103,9.4,4.7,3,3.7,2,11.8,1,103.1
281,Blake Jarwin,DAL,27,TE,8,5,17,11,96,2,5,58,5.3,38,3.5,7.5,0,,0,0,1,94.2
282,Collin Johnson,NYG,24,WR,12,1,21,11,105,0,6,87,7.9,18,1.6,8.5,2,5.5,1,4.8,1,46.7
283,Breshad Perriman,TAM,28,,6,0,18,11,167,1,5,65,5.9,102,9.3,8.4,1,11,1,5.6,0,110.2
284,John Ross,NYG,26,WR,10,1,20,11,224,1,8,185,16.8,39,3.5,15.7,1,11,1,5,0,111.2
285,Drew Sample,CIN,25,TE,17,8,15,11,81,0,3,-1,-0.1,82,7.5,2.3,2,5.5,1,6.7,0,85.7
286,Ben Skowronek,LAR,24,WR,14,1,20,11,133,0,7,80,7.3,53,4.8,10.5,1,11,3,15,1,54.8
287,Peyton Barber,LVR,27,RB,10,1,13,10,67,0,3,-6,-0.6,73,7.3,1.5,2,5,2,15.4,0,87.7
288,Trinity Benson,DET,24,WR,8,2,22,10,103,0,4,52,5.2,51,5.1,7.5,0,,3,13.6,1,40.5
289,Parris Campbell,IND,24,WR,6,3,20,10,162,1,7,145,14.5,17,1.7,16.7,0,,0,0,0,94.2
290,D'Wayne Eskridge,SEA,24,,10,0,20,10,64,1,4,32,3.2,32,3.2,12.6,2,5,0,0,0,73.7
291,Royce Freeman,2TM,25,,15,0,16,10,77,0,4,2,0.2,75,7.5,-0.4,0,,1,6.3,0,74.2
292,Cyril Grayson,TAM,28,WR,5,3,12,10,212,2,8,142,14.2,70,7,15.4,0,,0,0,0,158.3
293,Alec Ingold,LVR,25,FB,9,3,12,10,85,1,4,39,3.9,46,4.6,4.7,1,10,1,8.3,0,124
294,Ronald Jones II,TAM,24,RB,16,3,13,10,64,0,2,-13,-1.3,77,7.7,-1.2,1,10,1,7.7,0,86.7
295,Latavius Murray,BAL,31,RB,14,6,13,10,75,0,2,4,0.4,71,7.1,0.1,0,,1,7.7,0,90.2
296,Jaret Patterson,WAS,22,RB,17,1,11,10,73,0,5,-2,-0.2,75,7.5,-0.3,0,,0,0,0,94.3
297,Dante Pettis,NYG,26,,3,0,16,10,87,1,5,49,4.9,38,3.8,6.4,0,,2,12.5,1,71.6
298,Anthony Schwartz,CLE,21,WR,14,2,23,10,135,1,6,125,12.5,10,1,17.2,0,,1,4.3,1,59.1
299,Dede Westbrook,MIN,28,,15,0,15,10,68,0,3,51,5.1,17,1.7,7.3,0,,0,0,0,76.5
300,Blake Bell,KAN,30,TE,16,5,13,9,87,0,4,20,2.2,67,7.4,2.4,0,,1,7.7,0,87.7
301,Alex Collins,SEA,27,RB,11,6,10,9,87,0,3,-9,-1,96,10.7,0.2,1,9,0,0,0,102.9
302,D'Onta Foreman,TEN,25,RB,9,3,11,9,123,0,6,2,0.2,121,13.4,0.2,1,9,1,9.1,0,113.3
303,Jacob Hollister,JAX,28,TE,7,2,14,9,55,1,2,27,3,28,3.1,5.7,0,,1,7.1,2,56.2
304,Marcus Johnson,TEN,27,WR,7,3,19,9,160,0,7,65,7.2,95,10.6,9,1,9,0,0,1,54.7
305,Dax Milne,WAS,22,WR,13,1,14,9,83,0,4,49,5.4,34,3.8,7.6,0,,0,0,0,80.4
306,Josh Oliver,BAL,24,TE,14,1,15,9,66,0,4,41,4.6,25,2.8,8.7,0,,0,0,0,70.4
307,Elijhaa Penny,NYG,28,RB,17,3,13,9,30,1,4,-4,-0.4,34,3.8,-0.2,2,4.5,0,0,0,97.9
308,Trent Sherfield,SFO,25,WR,17,1,20,9,87,1,7,64,7.1,23,2.6,8.7,0,,1,5,1,53.5
309,Keith Smith,ATL,29,FB,17,8,10,9,56,0,3,18,2,38,4.2,2.1,2,4.5,1,10,0,90
310,Lee Smith,ATL,34,,16,6,11,9,65,1,3,34,3.8,31,3.4,3.5,0,,0,0,0,121.6
311,Equanimeous St. Brown,GNB,25,WR,13,2,17,9,98,0,6,40,4.4,58,6.4,10.3,0,,1,5.9,1,45.7
312,Tommy Sweeney,BUF,26,TE,13,3,12,9,44,1,3,30,3.3,14,1.6,5.8,0,,1,8.3,1,72.9
313,Nick Vannett,NOR,28,TE,7,2,15,9,133,1,7,41,4.6,92,10.2,5.5,1,9,3,20,0,111.2
314,Ty'Son Williams,BAL,25,RB,13,3,12,9,84,0,4,13,1.4,71,7.9,2.5,0,,0,0,0,93.7
315,Derrick Gore,KAN,27,,11,0,9,8,105,0,3,15,1.9,90,11.3,1.2,2,4,0,0,0,115.3
316,Denzel Mims,NYJ,24,WR,11,3,23,8,133,0,5,84,10.5,49,6.1,11.7,0,,2,8.7,0,55.2
317,Patrick Ricard*,BAL,27,FB,13,11,13,8,63,1,3,18,2.3,45,5.6,1.1,1,8,0,0,1,67.1
318,Eric Saubert,DEN,27,TE,17,4,12,8,47,1,2,18,2.3,29,3.6,3.3,2,4,1,8.3,1,67
319,Jeff Smith,NYJ,24,WR,12,3,17,8,113,0,6,98,12.3,15,1.9,11.3,0,,1,5.9,0,69
320,Juwann Winfree,GNB,25,,7,0,13,8,58,0,5,27,3.4,31,3.9,5.8,1,8,1,7.7,0,72
321,Matt Breida,BUF,26,,9,0,9,7,72,2,4,11,1.6,61,8.7,0.9,0,,0,0,0,139.6
322,DJ Chark,JAX,25,WR,4,4,22,7,154,2,7,130,18.6,24,3.4,16.3,0,,1,4.5,1,69.1
323,Phillip Dorsett,3TM,28,,6,0,14,7,110,0,3,83,11.9,27,3.9,15,0,,0,0,0,76.5
324,Luke Farrell,JAX,24,TE,15,4,11,7,56,0,3,28,4,28,4,6.6,0,,1,9.1,1,38.4
325,Noah Gray,KAN,22,TE,16,1,10,7,36,1,2,18,2.6,18,2.6,2.3,0,,1,10,0,108.7
326,Penny Hart,SEA,25,,17,0,12,7,59,0,3,18,2.6,41,5.9,9,0,,1,8.3,0,71.2
327,Godwin Igwebuike,DET,27,RB,17,1,10,7,60,0,4,-4,-0.6,64,9.1,1.5,1,7,2,20,0,85.4
328,Jesse James,CHI,27,TE,14,9,8,7,62,1,3,44,6.3,18,2.6,6.8,0,,0,0,0,138.5
329,Craig Reynolds,DET,25,,5,2,8,7,52,0,3,-4,-0.6,56,8,0,2,3.5,0,0,0,93.7
330,Greg Ward,PHI,26,,17,0,11,7,95,3,4,79,11.3,16,2.3,7.7,0,,2,18.2,0,130.7
331,Jeff Wilson,SFO,26,RB,9,4,8,7,31,0,1,-12,-1.7,43,6.1,-1.3,0,,0,0,0,82.8
332,Eno Benjamin,ARI,22,,9,0,7,6,42,0,4,-4,-0.7,46,7.7,-0.1,2,3,0,0,0,91.7
333,Chris Carson,SEA,27,RB,4,4,6,6,29,0,1,-13,-2.2,42,7,-2.2,2,3,0,0,0,86.8
334,Corey Clement,DAL,27,,17,0,7,6,29,1,1,12,2,17,2.8,1.7,0,,1,14.3,0,123.5
335,Jaelon Darden,TAM,22,,9,0,12,6,43,0,1,19,3.2,24,4,13,0,,0,0,1,24
336,Tom Kennedy,DET,25,,12,0,10,6,54,0,2,37,6.2,17,2.8,7.7,1,6,1,10,1,35
337,Chris Manhertz,JAX,29,TE,17,10,9,6,71,1,4,45,7.5,26,4.3,7.6,0,,0,0,0,127.5
338,Tre' McKitty,LAC,22,TE,11,4,8,6,45,0,3,11,1.8,34,5.7,2.3,0,,0,0,0,88
339,Anthony Miller,2TM,27,,3,1,12,6,25,1,3,15,2.5,10,1.7,6.3,0,,0,0,2,44.4
340,Rashaad Penny,SEA,25,RB,10,6,8,6,48,0,3,-14,-2.3,62,10.3,-2,1,6,1,12.5,0,89.6
341,Curtis Samuel,WAS,25,WR,5,1,9,6,27,0,4,-13,-2.2,40,6.7,2.3,0,,0,0,1,30.6
342,Shi Smith,CAR,23,,6,0,11,6,104,0,3,33,5.5,71,11.8,6.7,0,,0,0,1,49.1
343,Kenny Stills,NOR,29,WR,13,4,23,6,68,1,4,58,9.7,10,1.7,18.4,0,,1,4.3,1,36
344,Preston Williams,MIA,24,WR,8,3,16,6,71,0,3,33,5.5,38,6.3,8.2,2,3,3,18.8,0,51.8
345,Antony Auclair,HOU,28,TE,16,13,5,5,47,1,2,22,4.4,25,5,4.4,1,5,0,0,0,145.4
346,Le'Veon Bell,2TM,29,,8,0,7,5,30,1,3,4,0.8,26,5.2,0.7,1,5,1,14.3,0,119
347,Dez Fitzpatrick,TEN,24,,4,0,8,5,49,1,4,46,9.2,3,0.6,13.6,0,,0,0,2,79.7
348,Joe Fortson,KAN,26,,6,0,5,5,47,2,3,38,7.6,9,1.8,7.6,0,,0,0,0,145.4
349,Josh Gordon,KAN,30,WR,12,7,14,5,32,1,3,27,5.4,5,1,10.9,0,,2,14.3,2,28.6
350,KJ Hamler,DEN,22,WR,3,2,10,5,74,0,4,58,11.6,16,3.2,20.1,0,,1,10,0,74.6
351,Parker Hesse,ATL,26,TE,8,1,6,5,43,0,3,22,4.4,21,4.2,3.7,0,,0,0,0,96.5
352,Tony Jones,NOR,24,RB,11,4,8,5,29,0,2,1,0.2,28,5.6,0.1,0,,0,0,0,69.3
353,Joshua Kelley,LAC,24,,10,0,6,5,38,0,1,7,1.4,31,6.2,2.2,1,5,0,0,0,93.1
354,Scott Miller,TAM,24,,9,0,9,5,38,0,2,29,5.8,9,1.8,13,0,,0,0,2,26.4
355,Colby Parkinson,SEA,22,TE,14,1,8,5,33,0,2,13,2.6,20,4,5.9,0,,0,0,0,71.4
356,Rodney Smith,CAR,25,,2,0,5,5,48,0,2,16,3.2,32,6.4,3.2,1,5,0,0,0,106.7
357,Ihmir Smith-Marsette,MIN,22,WR,8,1,6,5,116,2,4,99,19.8,17,3.4,21.3,0,,0,0,0,158.3
358,Mike Thomas,CIN,27,WR,12,1,11,5,52,0,3,39,7.8,13,2.6,9.9,0,,0,0,0,59.7
359,Cody White,PIT,23,,15,0,6,5,33,0,3,19,3.8,14,2.8,6.3,0,,1,16.7,0,89.6
360,Charlie Woerner,SFO,24,TE,17,3,6,5,52,0,3,43,8.6,9,1.8,8.7,0,,0,0,0,102.8
361,Christian Blake,ATL,25,,16,0,9,4,25,0,2,23,5.8,2,0.5,6.4,0,,1,11.1,0,51.6
362,Kendall Blanton,LAR,26,TE,11,2,7,4,37,0,2,24,6,13,3.3,6.1,0,,2,28.6,0,71.7
363,C.J. Board,NYG,28,WR,6,1,6,4,51,0,3,38,9.5,13,3.3,17,0,,0,0,1,53.5
364,Ja'Marcus Bradley,CLE,25,,5,0,4,4,64,0,2,48,12,16,4,12,0,,0,0,0,118.7
365,Jason Cabinda,DET,25,FB,14,4,7,4,16,1,2,8,2,8,2,0.9,0,,2,28.6,0,101.8
366,Pharoh Cooper,NYG,26,,8,0,11,4,33,0,1,26,6.5,7,1.8,7.2,0,,0,0,1,7
367,Tyler Davis,GNB,24,,14,0,5,4,35,0,1,22,5.5,13,3.3,7.6,0,,1,20,0,95.8
368,Ross Dwelley,SFO,26,TE,17,2,5,4,51,1,2,46,11.5,5,1.3,11.8,0,,0,0,0,148.7
369,Darren Fells,2TM,35,,9,5,5,4,43,0,2,16,4,27,6.8,4.8,0,,0,0,0,102.5
370,Will Fuller,MIA,27,,2,0,8,4,26,0,3,16,4,10,2.5,16.4,1,4,0,0,0,57.3
371,Garrett Griffin,NOR,27,TE,13,6,4,4,39,0,2,12,3,27,6.8,3,0,,0,0,0,107.3
372,Chris Herndon,MIN,25,TE,16,5,7,4,40,1,4,9,2.3,31,7.8,4.1,0,,2,28.6,0,113.1
373,Taysom Hill,NOR,31,QB,12,9,6,4,52,0,4,2,0.5,50,12.5,3.2,1,4,0,0,1,54.2
374,Chris Hogan,NOR,34,,5,1,8,4,41,1,2,20,5,21,5.3,5.1,0,,0,0,0,104.7
375,Cody Hollister,TEN,28,WR,3,1,7,4,33,0,4,16,4,17,4.3,10.3,0,,0,0,1,29.8
376,Jermar Jefferson,DET,21,,7,0,5,4,23,0,2,2,0.5,21,5.3,0.2,0,,0,0,0,85.8
377,Duke Johnson,MIA,28,RB,5,4,5,4,41,0,3,-10,-2.5,51,12.8,-1.6,2,2,1,20,0,100.8
378,Jakob Johnson,NWE,27,FB,17,6,5,4,43,0,2,9,2.3,34,8.5,2,1,4,0,0,0,102.5
379,Phillip Lindsay,2TM,27,,14,1,5,4,45,1,1,-8,-2,53,13.3,-2.2,0,,1,20,0,143.7
380,Sean McKeon,DAL,24,TE,9,2,6,4,27,1,2,17,4.3,10,2.5,4.5,1,4,0,0,0,116
381,Kene Nwangwu,MIN,23,,11,0,5,4,9,0,0,-10,-2.5,19,4.8,-1.2,0,,0,0,0,79.2
382,Qadree Ollison,ATL,25,,8,0,6,4,12,0,1,5,1.3,7,1.8,1.7,0,,0,0,0,70.1
383,Adrian Peterson,2TM,36,,4,3,4,4,8,0,0,-6,-1.5,14,3.5,-1.5,0,,0,0,0,79.2
384,Amari Rodgers,GNB,22,WR,16,1,8,4,45,0,2,21,5.3,24,6,5,1,4,1,12.5,1,27.6
385,Wendell Smallwood,WAS,27,,3,0,5,4,22,0,0,8,2,14,3.5,0.6,0,,0,0,0,85
386,Willie Snead,2TM,29,,9,0,8,4,38,0,3,26,6.5,12,3,8.4,1,4,1,12.5,1,24
387,Jack Stoll,PHI,23,TE,16,5,5,4,22,0,,2,0.5,20,5,2.8,0,,0,0,0,85
388,J.J. Taylor,NWE,23,,5,0,4,4,8,0,0,-2,-0.5,10,2.5,-0.5,0,,0,0,0,79.2
389,Ke'Shawn Vaughn,TAM,24,RB,12,1,8,4,26,0,1,12,3,14,3.5,1.6,0,,2,25,0,57.3
390,Kristian Wilkerson,NWE,24,WR,3,1,8,4,42,2,2,37,9.3,5,1.3,16.5,1,4,1,12.5,0,105.2
391,Jonathan Williams,WAS,27,,5,0,6,4,28,0,2,-8,-2,36,9,-2.3,0,,0,0,1,37.5
392,Cam Akers,LAR,22,,1,0,3,3,10,0,,6,2,4,1.3,2,0,,0,0,0,80.6
393,Ryquell Armstead,JAX,25,,2,0,4,3,16,0,1,-4,-1.3,20,6.7,0,0,,0,0,1,41.7
394,Malcolm Brown,MIA,28,RB,7,3,5,3,10,0,0,2,0.7,8,2.7,-0.4,0,,0,0,0,64.6
395,Michael Burton,KAN,29,,16,0,3,3,31,0,2,-5,-1.7,36,12,-1.7,0,,0,0,0,109.7
396,Greg Dortch,ARI,23,WR,5,2,3,3,15,0,0,-16,-5.3,31,10.3,-5.3,0,,0,0,0,87.5
397,Alex Erickson,CAR,29,,17,0,4,3,55,0,2,25,8.3,30,10,8.3,0,,0,0,0,116.7
398,Reggie Gilliam,BUF,24,FB,16,5,5,3,23,0,,1,0.3,22,7.3,4.2,0,,1,20,0,71.2
399,Demetrius Harris,ARI,30,TE,14,4,6,3,10,0,,-3,-1,13,4.3,3.7,0,,0,0,1,16.7
400,K.J. Hill,LAC,24,,6,0,3,3,30,0,1,18,6,12,4,6,0,,0,0,0,108.3
401,Tommy Hudson,TEN,24,,5,0,6,3,31,0,2,7,2.3,24,8,5,0,,0,0,1,25.7
402,Tyree Jackson,PHI,24,TE,9,3,7,3,22,1,2,15,5,7,2.3,9.9,0,,0,0,0,90.5
403,Andy Janovich,CLE,28,FB,13,3,4,3,9,0,1,5,1.7,4,1.3,2.3,0,,0,0,0,77.1
404,Keith Kirkwood,CAR,27,,3,0,7,3,17,0,1,0,0,17,5.7,7.7,0,,1,14.3,0,50.3
405,Patrick Laird,MIA,26,,6,0,3,3,17,0,2,-3,-1,20,6.7,-1,1,3,0,0,0,90.3
406,D.J. Montgomery,NYJ,25,,3,0,6,3,36,0,2,21,7,15,5,6.5,0,,0,0,0,68.7
407,Jason Moore,LAC,26,WR,2,1,4,3,56,0,3,30,10,26,8.7,15,0,,0,0,0,116.7
408,Chris Myarick,NYG,26,,8,3,6,3,17,1,2,9,3,8,2.7,2.2,0,,2,33.3,1,56.2
409,Gabe Nabers,LAC,24,FB,10,1,3,3,17,0,0,9,3,8,2.7,3,0,,0,0,0,90.3
410,Adam Prentice,NOR,24,FB,7,3,3,3,16,0,1,1,0.3,15,5,0.3,0,,0,0,0,88.9
411,Jaylen Samuels,HOU,25,,3,0,4,3,14,0,1,-3,-1,17,5.7,-1,0,,1,25,0,79.2
412,Trey Sermon,SFO,22,RB,9,2,4,3,26,0,1,8,2.7,18,6,2.5,0,,1,25,0,91.7
413,Kaden Smith,NYG,24,TE,9,4,3,3,33,0,1,22,7.3,11,3.7,7.3,0,,0,0,0,112.5
414,Jeremy Sprinkle,DAL,27,TE,17,4,3,3,31,0,2,12,4,19,6.3,4,0,,0,0,0,109.7
415,Auden Tate,CIN,24,,7,0,4,3,39,1,3,18,6,21,7,11.3,2,1.5,0,0,1,105.2
416,Jonathan Ward,ARI,24,,13,0,4,3,34,0,1,8,2.7,26,8.7,3.3,0,,0,0,0,100
417,Derek Watt,PIT,29,FB,17,4,3,3,15,0,0,-1,-0.3,16,5.3,-0.3,0,,0,0,0,87.5
418,Trevon Wesco,NYJ,26,TE,12,7,5,3,35,0,2,6,2,29,9.7,0.6,0,,0,0,0,81.2
419,Mitchell Wilcox,CIN,25,TE,15,1,5,3,16,0,,8,2.7,8,2.7,3.8,1,3,1,20,0,65.4
420,Shane Zylstra,DET,25,,4,0,7,3,34,0,2,28,9.3,6,2,5.4,0,,0,0,0,58
421,JJ Arcega-Whiteside,PHI,25,WR,16,2,5,2,36,0,2,7,3.5,29,14.5,8.2,0,,3,60,1,25.8
422,Kalen Ballage,PIT,26,,17,0,7,2,8,0,0,-2,-1,10,5,0.3,0,,2,28.6,1,0
423,Cameron Batson,TEN,26,,4,0,5,2,15,1,2,14,7,1,0.5,16.8,0,,0,0,0,87.5
424,Khari Blasingame,TEN,25,FB,11,3,2,2,4,0,0,0,0,4,2,0,0,,0,0,0,79.2
425,Reggie Bonnafon,CAR,25,,4,0,2,2,12,0,1,3,1.5,9,4.5,1.5,0,,0,0,0,91.7
426,Mike Boone,DEN,26,,8,0,2,2,22,0,1,-2,-1,24,12,-1,0,,0,0,0,112.5
427,Daniel Brown,NYJ,29,,12,0,2,2,29,0,1,7,3.5,22,11,3.5,0,,0,0,0,118.7
428,Derek Carrier,LVR,31,TE,5,1,2,2,13,0,,7,3.5,6,3,3.5,0,,0,0,0,93.7
429,Cethan Carter,MIA,26,TE,16,1,2,2,16,0,,8,4,8,4,4,0,,0,0,0,100
430,Dominique Dafney,GNB,24,TE,10,2,4,2,34,0,2,3,1.5,31,15.5,2.5,0,,0,0,0,79.2
431,Taylor Decker,DET,28,T,9,9,2,2,4,1,1,3,1.5,1,0.5,1.5,0,,0,0,0,118.7
432,Darrynton Evans,TEN,23,,1,0,2,2,11,0,1,-4,-2,15,7.5,-2,0,,0,0,0,89.6
433,Jesper Horsted,CHI,24,,7,0,3,2,21,2,2,21,10.5,0,0,10.3,0,,1,33.3,0,126.4
434,Jordan Howard,PHI,27,,7,0,5,2,19,0,2,5,2.5,14,7,1.8,0,,1,20,0,51.2
435,Trenton Irwin,CIN,26,,7,0,5,2,34,0,1,6,3,28,14,12.6,0,,0,0,0,63.7
436,Tyron Johnson,2TM,25,,10,0,5,2,16,0,1,7,3.5,9,4.5,20.4,0,,0,0,1,9.2
437,Marcus Kemp,KAN,26,,16,0,5,2,24,0,1,16,8,8,4,12.4,0,,1,20,1,15.8
438,Jake Kumerow,BUF,29,WR,15,2,6,2,28,0,2,21,10.5,7,3.5,14.3,0,,1,16.7,0,49.3
439,Marlon Mack,IND,25,,6,0,5,2,8,0,0,4,2,4,2,3.2,0,,0,0,0,47.9
440,Racey McMath,TEN,22,,9,0,6,2,8,0,,-1,-0.5,9,4.5,11.2,0,,0,0,0,42.4
441,Jaydon Mickens,2TM,27,,11,0,3,2,10,0,1,7,3.5,3,1.5,19.3,0,,0,0,1,31.9
442,Stanley Morgan Jr.,CIN,25,WR,17,1,4,2,11,0,,-9,-4.5,20,10,8,0,,0,0,0,56.2
443,Dazz Newsome,CHI,22,WR,3,1,5,2,23,0,1,8,4,15,7.5,7.2,0,,0,0,1,15
444,Gunner Olszewski,NWE,25,,16,0,3,2,31,0,2,17,8.5,14,7,9.7,1,2,0,0,0,100.7
445,Dezmon Patmon,IND,23,,8,0,4,2,21,1,1,18,9,3,1.5,9,0,,0,0,0,105.2
446,Scottie Phillips,HOU,24,,3,0,3,2,9,0,0,2,1,7,3.5,0.7,0,,0,0,0,70.1
447,Kevin Rader,PIT,26,TE,6,1,3,2,8,0,,4,2,4,2,2.7,0,,0,0,0,70.1
448,Trey Ragas,LVR,25,,1,0,2,2,6,0,0,-7,-3.5,13,6.5,-3.5,0,,0,0,0,79.2
449,Richard Rodgers,PHI,29,,3,0,2,2,11,0,,1,0.5,10,5,0.5,0,,0,0,0,89.6
450,C.J. Saunders,CAR,25,,2,0,2,2,11,0,1,11,5.5,0,0,5.5,0,,0,0,0,89.6
451,David Sills,NYG,25,WR,4,1,6,2,17,0,1,15,7.5,2,1,9.7,0,,1,16.7,1,2.8
452,Benny Snell Jr.,PIT,23,,17,0,4,2,13,0,0,-7,-3.5,20,10,-1,0,,2,50,0,57.3
453,Johnny Stanton,CLE,27,,4,0,2,2,7,1,1,3,1.5,4,2,1.5,0,,0,0,0,120.8
454,Luke Stocker,MIN,33,,12,0,2,2,12,0,,6,3,6,3,3,0,,0,0,0,91.7
455,Mike Strachan,IND,24,,6,0,3,2,26,0,2,26,13,0,0,18,0,,0,0,0,93.7
456,Malik Taylor,GNB,26,,10,0,3,2,14,0,1,6,3,8,4,10,0,,0,0,0,77.1
457,Patrick Taylor,GNB,23,,9,0,2,2,3,0,1,-2,-1,5,2.5,-1,0,,0,0,0,79.2
458,Trent Taylor,CIN,27,,4,0,3,2,41,0,2,34,17,7,3.5,11.3,0,,0,0,0,109.7
459,Tylan Wallace,BAL,22,WR,17,1,6,2,23,0,1,9,4.5,14,7,5.7,2,1,0,0,0,45.8
460,Austin Walter,NYJ,25,,4,0,3,2,9,0,1,-4,-2,13,6.5,-3,0,,0,0,0,70.1
461,Dwayne Washington,NOR,27,,14,0,2,2,12,0,,2,1,10,5,1,0,,0,0,0,91.7
462,Tyrell Williams,DET,29,,1,1,3,2,14,0,1,6,3,8,4,4.3,0,,0,0,0,77.1
463,Ethan Wolf,NOR,26,TE,2,1,2,2,8,0,,2,1,6,3,1,0,,0,0,0,83.3
464,Kenny Yeboah,NYJ,23,,9,0,3,2,36,0,2,33,16.5,3,1.5,16,0,,1,33.3,0,107.6
465,Alex Armah,2TM,27,,11,2,1,1,1,1,1,0,0,1,1,0,0,,0,0,0,118.7
466,Nick Bawden,NYJ,25,FB,9,1,1,1,20,0,1,9,9,11,11,9,0,,0,0,0,118.7
467,Nick Bellore,SEA,32,,17,0,1,1,4,0,,0,0,4,4,0,0,,0,0,0,83.3
468,Tarik Black,NYJ,23,,1,0,2,1,10,0,1,10,10,0,0,9,0,,1,50,0,64.6
469,Miles Boykin,BAL,25,,8,0,1,1,6,0,,6,6,0,0,6,0,,0,0,0,91.7
470,Nick Boyle,BAL,28,TE,5,3,2,1,2,0,,2,2,0,0,1.5,0,,1,50,0,56.2
471,Garrett Bradbury,MIN,26,C,13,13,1,1,21,0,1,-3,-3,24,24,-3,0,,0,0,0,118.7
472,Gary Brightwell,NYG,22,,13,0,1,1,6,0,,1,1,5,5,1,0,,0,0,0,91.7
473,Keke Coutee,IND,24,,2,0,1,1,5,0,,5,5,0,0,5,0,,0,0,0,87.5
474,Darrell Daniels,ARI,27,TE,15,4,4,1,0,0,,-1,-1,1,1,5.5,0,,1,25,0,39.6
475,Frank Darby,ATL,24,,10,0,4,1,14,0,1,3,3,11,11,20.8,1,1,1,25,0,41.7
476,Davion Davis,HOU,25,WR,2,1,3,1,17,0,1,4,4,13,13,5.7,0,,0,0,1,13.9
477,Wayne Gallman,2TM,27,,8,0,3,1,21,0,1,1,1,20,20,1.7,0,,0,0,0,59
478,Marvin Hall,ATL,28,,2,0,1,1,10,0,1,5,5,5,5,5,0,,0,0,0,108.3
479,Taylor Heinicke,WAS,28,QB,16,15,1,1,-2,0,0,-4,-4,2,2,-4,0,,0,0,0,79.2
480,Daniel Helm,LVR,26,TE,9,1,2,1,-1,0,,-3,-3,2,2,0.5,0,,0,0,0,56.2
481,Kylin Hill,GNB,23,,8,0,2,1,5,0,0,-2,-2,7,7,1.5,0,,0,0,0,56.2
482,Amani Hooker,TEN,23,DB,12,12,1,1,6,0,1,4,4,2,2,4,0,,0,0,0,91.7
483,Brycen Hopkins,LAR,24,,5,0,1,1,9,0,1,3,3,6,6,3,0,,0,0,0,104.2
484,Andy Isabella,ARI,25,,8,0,1,1,13,0,1,6,6,7,7,6,0,,0,0,0,118.7
485,Lane Johnson,PHI,31,T,13,13,1,1,5,1,1,5,5,0,0,5,0,,0,0,0,127.1
486,Daniel Jones,NYG,24,QB,11,11,1,1,16,0,1,13,13,3,3,13,0,,0,0,0,118.7
487,Tommylee Lewis,MIA,29,,2,0,2,1,7,0,1,-4,-4,11,11,3,0,,0,0,0,58.3
488,Drew Lock,DEN,25,QB,6,3,1,1,1,0,0,-5,-5,6,6,-5,0,,0,0,0,79.2
489,Hunter Long,MIA,23,TE,7,2,3,1,8,0,,4,4,4,4,3.3,0,,0,0,1,2.8
490,Conor McDermott,NYJ,29,OL,6,3,1,1,1,1,1,1,1,0,0,1,0,,0,0,0,118.7
491,Anthony McFarland Jr.,PIT,22,,2,0,1,1,11,0,1,0,0,11,11,0,0,,0,0,0,112.5
492,Kirk Merritt,MIA,24,,2,0,3,1,13,0,1,7,7,6,6,18.7,0,,1,33.3,0,47.9
493,Johnny Mundt,LAR,27,,6,0,1,1,9,0,1,7,7,2,2,7,0,,0,0,0,104.2
494,Ryan Nall,CHI,26,,9,0,1,1,4,0,,4,4,0,0,4,0,,0,0,0,83.3
495,Devine Ozigbo,2TM,25,,3,0,1,1,7,0,1,4,4,3,3,4,0,,0,0,0,95.8
496,Danny Pinter,IND,25,G,16,3,1,1,2,1,1,2,2,0,0,2,0,,0,0,0,118.7
497,Bobby Price,DET,23,S,15,2,1,1,17,0,1,9,9,8,8,9,0,,0,0,0,118.7
498,Mike Remmers,KAN,32,T,4,2,1,1,-2,0,,0,0,-2,-2,0,0,,0,0,0,79.2
499,Andre Roberts,2TM,33,,16,0,2,1,35,0,1,19,19,16,16,14.5,0,,0,0,1,56.2
500,Aaron Rodgers*+,GNB,38,QB,16,16,1,1,-4,0,0,-4,-4,0,0,-4,0,,0,0,0,79.2
501,Larry Rountree,LAC,22,,12,0,2,1,-1,0,0,-1,-1,0,0,-0.5,0,,1,50,0,56.2
502,Diontae Spencer,DEN,29,,15,0,4,1,-3,0,,-3,-3,0,0,2.3,0,,0,0,0,39.6
503,Terence Steele,DAL,24,T,16,13,1,1,1,1,1,1,1,0,0,1,0,,0,0,0,118.7
504,Andrew Thomas,NYG,22,T,13,13,1,1,2,1,1,2,2,0,0,2,0,,0,0,0,118.7
505,Eric Tomlinson,BAL,29,TE,17,7,1,1,7,0,,3,3,4,4,3,0,,0,0,0,95.8
506,Kevin White,NOR,29,WR,6,1,5,1,38,0,1,29,29,9,9,24.4,0,,1,20,0,58.7
507,Christian Wilkins,MIA,26,DT,17,17,1,1,1,1,1,1,1,0,0,1,0,,0,0,0,118.7
508,Seth Williams,DEN,21,WR,2,1,1,1,34,0,1,30,30,4,4,30,0,,0,0,0,118.7
509,Trayveon Williams,CIN,24,,5,0,2,1,4,0,0,-7,-7,11,11,-3.5,1,1,0,0,0,56.2
510,Easop Winston,NOR,25,,3,1,1,1,5,0,,-4,-4,9,9,-4,0,,0,0,0,87.5
511,Deon Yelder,TAM,26,,5,0,1,1,0,0,,-2,-2,2,2,-2,0,,0,0,0,79.2
